CREATE TABLE Sanpham (
masp nchar(10) PRIMARY KEY,
mahangsx nchar(10),
tensp nvarchar(20),
soluong INT,
mausac nvarchar(20),
giaban money,
donvitinh nchar(10),
mota nvarchar(max)
);

CREATE TABLE Hangsx (
mahangsx nchar(10) PRIMARY KEY,
tenhang nvarchar(20),
diachi nvarchar(30),
sodt nvarchar(20),
email nvarchar(30)
);

CREATE TABLE Nhanvien (
manv nchar(10) PRIMARY KEY,
tennv nvarchar(20),
gioitinh nchar(10),
diachi nvarchar(30),
sodt nvarchar(20),
email nvarchar(30),
phong nvarchar(30)
);

CREATE TABLE Nhap (
sohdn nchar(10) PRIMARY KEY,
masp nchar(10),
manv nchar(10),
ngaynhap DATE,
soluongN INT,
dongiaN money,
FOREIGN KEY (masp) REFERENCES Sanpham(masp),
FOREIGN KEY (manv) REFERENCES Nhanvien(manv)
);

CREATE TABLE Xuat (
sohdx nchar(10) PRIMARY KEY,
masp nchar(10),
manv nchar(10),
ngayxuat DATE,
soluongX INT,
FOREIGN KEY (masp) REFERENCES Sanpham(masp),
FOREIGN KEY (manv) REFERENCES Nhanvien(manv)
);

ALTER TABLE Sanpham ADD CONSTRAINT FK_Sanpham_Hangsx FOREIGN KEY (mahangsx) REFERENCES Hangsx(mahangsx);
ALTER TABLE Nhap ADD CONSTRAINT FK_Nhap_Sanpham FOREIGN KEY (masp) REFERENCES Sanpham(masp);
ALTER TABLE Nhap ADD CONSTRAINT FK_Nhap_Nhanvien FOREIGN KEY (manv) REFERENCES Nhanvien(manv);
ALTER TABLE Xuat ADD CONSTRAINT FK_Xuat_Sanpham FOREIGN KEY (masp) REFERENCES Sanpham(masp);
ALTER TABLE Xuat ADD CONSTRAINT FK_Xuat_Nhanvien FOREIGN KEY (manv) REFERENCES Nhanvien(manv);

INSERT INTO Hangsx (mahangsx, tenhang, diachi, sodt, email)
VALUES
('H01', 'Samsung', 'Korea', '011-08271717', 'ss@gmail.com.kr'),
('H02', 'OPPO', 'China', '081-08626262', 'oppo@gmail.com.cn'),
('H03', 'Vinfone', 'Việt nam', '084-098262626', 'vf@gmail.com.vn');

INSERT INTO Nhanvien (manv, tennv, gioitinh, diachi, sodt, email, phong)
VALUES
('NV01', 'Nguyễn Thị Thu', 'Nữ', 'Hà Nội', '0982626521', 'thu@gmail.com', 'Kế toán'),
('NV02', 'Lê Văn Nam', 'Nam', 'Bắc Ninh', '0972525252', 'nam@gmail.com', 'Vật tư'),
('NV03', 'Trần Hòa Bình', 'Nữ', 'Hà Nội', '0328388388', 'hb@gmail.com', 'Kế toán');

INSERT INTO Sanpham (masp, mahangsx, tensp, soluong, mausac, giaban, donvitinh, mota)
VALUES
('SP01', 'H02', 'Galaxy Note11', 50, 'Đỏ', 1900000, 'Chiếc', 'Hàng cận cảo cấp'),
('SP02', 'H01', 'F1 Plus', 100, 'Xám', 7000000, 'Chiếc', 'Hàng cận cảo cấp'),
('SP03', 'H02', 'F3 lite', 200, 'Nâu', 3000000, 'Chiếc', 'Hàng phổ thông'),
('SP04', 'H03', 'Vjoy3', 200, 'Xám', 1500000, 'Chiếc', 'Hàng phổ thông'),
('SP05', 'H01', 'Galaxy V21', 500, 'Nâu', 8000000, 'Chiếc', 'Hàng cận cảo cấp');

INSERT INTO Nhap (sohdn, masp, manv, ngaynhap, soluongN, dongiaN)
VALUES
('N01', 'SP02', 'NV01', '2019-05-02', 10, 17000000),
('N02', 'SP01', 'NV02', '2020-07-04', 30, 6000000),
('N03', 'SP04', 'NV02', '2020-05-17', 20, 1200000),
('N04', 'SP01', 'NV03', '2020-03-22', 10, 6200000),
('N05', 'SP05', 'NV01', '2020-07-07', 20, 7000000);


INSERT INTO Xuat (sohdx, masp, manv, ngayxuat, soluongX) VALUES 
('X01', 'SP03', 'NV02', '06-14-2020', 5),
('X02', 'SP01', 'NV03', '03-05-2019', 3),
('X03', 'SP02', 'NV01', '12-12-2020', 1),
('X04', 'SP03', 'NV02', '06-02-2020', 2),
('X05', 'SP05', 'NV01', '05-18-2020', 1);